sentence,zero-poss,zero-copula,double-tense,be-construction,resultant-done,finna,come,double-modal,multiple-neg,neg-inversion,n-inv-neg-concord,aint,zero-3sg-pres-s,is-was-gen,zero-pl-s,double-object,wh-qu1,wh-qu2,existential-it,demonstrative-them,appositive-pleonastic-pronoun,bin,verb-stem,past-tense-swap,zero-rel-pronoun,preterite-had
"well, you already done automatically won your",0,0,0,0,1,0,0,0,0,0,0,0,0,0,0,0,0,0,,,,,,,,
"about Atlanta music, who you feeling right now?",0,1,0,0,0,0,0,0,0,0,0,0,0,0,0,0,1,0,,,,,,,,
All e- all except the time I come up to where I'm at now.,0,0,0,0,0,0,0,0,0,0,0,0,0,0,0,0,0,0,,,,,,,,
"All of 'em- all of 'em- My grandmama she dead, my granddaddy gone, my mama she still here. She still living.",0,1,0,0,0,0,0,0,0,0,0,0,0,0,0,0,0,0,,,,,,,,
"And it had been just a bunch of us, you know.",0,0,0,0,0,0,0,0,0,0,0,0,0,0,0,0,0,0,,,,,,,,
"And it's so much construction in DC, it's driving me crazy.",0,0,0,0,0,0,0,0,0,0,0,0,0,0,0,0,0,0,,,,,,,,
And Joe Louis hit him a l- cross right and a left hook to the jaw and turn around and come right on out the ring.,0,0,0,0,0,0,0,0,0,0,0,0,0,0,0,1,0,0,,,,,,,,
"And like, on my old block,  turn into a party, and like, when you go outside  it's music playing.",0,0,0,0,0,0,0,0,0,0,0,0,1,0,0,0,0,0,,,,,,,,
And my cousin she just moved into a house.,0,0,0,0,0,0,0,0,0,0,0,0,0,0,0,0,0,0,,,,,,,,
"And my dad, he work for a state senator in Florida.",0,0,0,0,0,0,0,0,0,0,0,0,1,0,0,0,0,0,,,,,,,,
"And since I retire from there, uh, I ain't done no more work.",0,0,0,0,0,0,0,0,1,0,0,1,0,0,0,0,0,0,,,,,,,,
and stuff like I be seeing these,0,0,0,1,0,0,0,0,0,0,0,0,0,0,0,0,0,0,,,,,,,,
"And that veteran check mean that if I had to go to the doctor, hospital, anything like that, I keep the bill that I had to pay, and they would refund it back to me.",0,0,0,0,0,0,0,0,0,0,0,0,1,0,0,0,0,0,,,,,,,,
"And that's how I always been, put yours to the side to try and help them.",0,0,0,0,0,0,0,0,0,0,0,0,0,0,0,0,0,0,,,,,,,,
"And them people- When I say my girlfriend lived there for a long time, everybody in the building was African American.",0,0,0,0,0,0,0,0,0,0,0,0,0,0,0,0,0,0,,,,,,,,
"And then the water come in, washed it out and a lot of people don't know which way to go to get the stuff back. See a lot of them people, they got these- got",0,0,0,0,0,0,0,0,0,0,0,0,0,0,0,0,0,0,,,,,,,,
"And, um, like, he's a pastor of two churches. He used to have three. But he a pastor of, uh, two churches. And at Mount Zion here in Princeville. Which is the oldest,",0,1,0,0,0,0,0,0,0,0,0,0,0,0,0,0,0,0,,,,,,,,
Any comments right quick before I be thrown out?,0,0,0,1,0,0,0,0,0,0,0,0,0,0,0,0,0,0,,,,,,,,
"Atlanta music, who you feeling right now?",0,1,0,0,0,0,0,0,0,0,0,0,0,0,0,0,1,0,,,,,,,,
"Atlanta, who was you feeling right now?",0,0,0,0,0,0,0,0,0,0,0,0,0,1,0,0,0,0,,,,,,,,
"back cause telephones, It wasn't in use.",0,0,0,0,0,0,0,0,0,0,0,0,0,0,0,0,0,0,,,,,,,,
back cause telephones wasn't in DC.,0,0,0,0,0,0,0,0,0,0,0,0,0,1,0,0,0,0,,,,,,,,
back cause telephones wasn't in use.,0,0,0,0,0,0,0,0,0,0,0,0,0,1,0,0,0,0,,,,,,,,
back telephones wasn't in use.,0,0,0,0,0,0,0,0,0,0,0,0,0,1,0,0,0,0,,,,,,,,
She don't be trying to either get too deep into politics. I would be to it,0,0,0,1,0,0,0,0,0,0,0,0,1,0,0,0,0,0,,,,,,,,
because I done a few folks from,0,0,0,0,0,0,0,0,0,0,0,0,0,0,0,0,0,0,,,,,,,,
because I done a few years from,0,0,0,0,0,0,0,0,0,0,0,0,0,0,0,0,0,0,,,,,,,,
because I done did a few folks from,0,0,0,0,1,0,0,0,0,0,0,0,0,0,0,0,0,0,,,,,,,,
because I done did it a few folks from,0,0,0,0,1,0,0,0,0,0,0,0,0,0,0,0,0,0,,,,,,,,
because I done quite a few folks from,0,0,0,0,0,0,0,0,0,0,0,0,0,0,0,0,0,0,,,,,,,,
before when you come blindly.,0,0,0,0,0,0,0,0,0,0,0,0,0,0,0,0,0,0,,,,,,,,
you always accusing me blindly,0,1,0,0,0,0,0,0,0,0,0,0,0,0,0,0,0,0,,,,,,,,
before you come accusing blindly,0,0,0,0,0,0,1,0,0,0,0,0,0,0,0,0,0,0,,,,,,,,
before when you come out accusing blindly.,0,0,0,0,0,0,0,0,0,0,0,0,0,0,0,0,0,0,,,,,,,,
Boys always been like that.,0,0,0,0,0,0,0,0,0,0,0,0,0,0,0,0,0,0,,,,,,,,
"But God knows I didn't care, boy I'd knock a fool out of anybody come up to me, and I .",0,0,0,0,0,0,0,0,0,0,0,0,1,0,0,0,0,0,,,,,,,,
But he come to try and tell us about,0,0,0,0,0,0,0,0,0,0,0,0,1,0,0,0,0,0,,,,,,,,
But he come tryna tell us about,0,0,0,0,0,0,1,0,0,0,0,0,0,0,0,0,0,0,,,,,,,,
But he come tryna tell us about?,0,0,0,0,0,0,1,0,0,0,0,0,0,0,0,0,0,0,,,,,,,,
But they was tryna tell us about,0,0,0,0,0,0,0,0,0,0,0,0,0,1,0,0,0,0,,,,,,,,
"But I think- I think they have a good chance this year because it's no like, super team this year.",0,0,0,0,0,0,0,0,0,0,0,0,0,0,0,0,0,0,,,,,,,,
But it ain't nothing but worldwide big ass shadow.,0,0,0,0,0,0,0,0,1,0,0,1,0,0,0,0,0,0,,,,,,,,
"But listen, what I'm saying, how come I ask you cause I stop by, saw your truck.",0,0,0,0,0,0,0,0,0,0,0,0,0,0,0,0,0,0,,,,,,,,
"But the plot always involve a female, bruh.",0,0,0,0,0,0,0,0,0,0,0,0,1,0,0,0,0,0,,,,,,,,
But it's always a ton of girls who taken a long time,0,0,0,0,0,0,0,0,0,0,0,0,0,0,0,0,0,0,,,,,,,,
"But they is always finna involve some female, bruh.",0,0,0,0,0,1,0,0,0,0,0,0,0,1,0,0,0,0,,,,,,,,
"But until then,  as long as we tryna become equal to them,  we will  always  be in a struggle with them.",0,1,0,0,0,0,0,0,0,0,0,0,0,0,0,0,0,0,,,,,,,,
Can't really link up how you used to but that don't mean we not close.,0,1,0,0,0,0,0,0,0,0,0,0,1,0,0,0,0,0,,,,,,,,
"Cause you know, a lot of people come in here, they got attitudes about they lotto,  so.",1,0,0,0,0,0,0,0,0,0,0,0,0,0,0,0,0,0,,,,,,,,
"Cause you trying to get your name on display, you trying to get your- your hood on display, or whatever little gang whatever you was in on display, but yup.",0,1,0,0,0,0,0,0,0,0,0,0,0,1,0,0,0,0,,,,,,,,
coming to work if nobody couldn't tell that when,0,0,0,0,0,0,0,0,1,0,1,0,0,0,0,0,0,0,,,,,,,,
Didn't never call my name.,0,0,0,0,0,0,0,0,1,0,0,0,0,0,0,0,0,0,,,,,,,,
He don't know if it count.,0,0,0,0,0,0,0,0,0,0,0,0,1,0,0,0,0,0,,,,,,,,
She don't know if they a passing team or running team.,0,1,0,0,0,0,0,0,0,0,0,0,1,0,0,0,0,0,,,,,,,,
Don't nobody know what I had,0,0,0,0,0,0,0,0,1,1,0,0,1,0,0,0,0,0,,,,,,,,
"For to- for to fight them Japs, you know, them Japs big, that big if you don't know how to fight 'em, he gonna whoop you to death.",0,1,0,0,0,0,0,0,0,0,0,0,0,0,0,0,0,0,,,,,,,,
go over my grandma house,1,0,0,0,0,0,0,0,0,0,0,0,0,0,0,0,0,0,,,,,,,,
go over they grandmama house,1,0,0,0,0,0,0,0,0,0,0,0,0,0,0,0,0,0,,,,,,,,
"go over there, he come running there",0,0,0,0,0,0,0,0,0,0,0,0,1,0,0,0,0,0,,,,,,,,
go over with my grandma house,1,0,0,0,0,0,0,0,0,0,0,0,0,0,0,0,0,0,,,,,,,,
got 'em they was getting new ones,0,0,0,0,0,0,0,0,0,0,0,0,0,1,0,0,0,0,,,,,,,,
got 'em when they was getting new ones,0,0,0,0,0,0,0,0,0,0,0,0,0,1,0,0,0,0,,,,,,,,
Ha three hundred eighty-seven dollars and twenty-six cent.,0,0,0,0,0,0,0,0,0,0,0,0,0,0,1,0,0,0,,,,,,,,
he come tryna tell us about,0,0,0,0,0,0,1,0,0,0,0,0,0,0,0,0,0,0,,,,,,,,
"He done kind of like old Clay, I know you've seen him.",0,0,0,0,0,0,0,0,0,0,0,0,0,0,0,0,0,0,,,,,,,,
"He say, I want y'all to come on up on the line and face old General Kesselring.",0,0,0,0,0,0,0,0,0,0,0,0,1,0,0,0,0,0,,,,,,,,
"He say, I'll tell you what now.",0,0,0,0,0,0,0,0,0,0,0,0,1,0,0,0,0,0,,,,,,,,
"Heck, the young ones, they working somewhere I reckon.",0,1,0,0,0,0,0,0,0,0,0,0,0,0,0,0,0,0,,,,,,,,
"Here, what now you say?",0,0,0,0,0,0,0,0,0,0,0,0,0,0,0,0,1,0,,,,,,,,
Hey how you been?,0,0,0,0,0,0,0,0,0,0,0,0,0,0,0,0,0,0,,,,,,,,
how old you is?,0,0,0,0,0,0,0,0,0,0,0,0,0,1,0,0,0,1,,,,,,,,
I be trying to either get too deep into politics. I be listening to it,0,0,0,1,0,0,0,0,0,0,0,0,0,0,0,0,0,0,,,,,,,,
I been calculating money like that cause at the little job I work at um- Yeah this little- What's that?,0,0,0,0,0,0,0,0,0,0,0,0,0,0,0,0,0,0,,,,,,,,
I been give Brenda and Mr. Al they books.,1,0,0,0,0,0,0,0,0,0,0,0,0,0,0,1,0,0,,,,,,,,
I been knowing he dead,0,1,0,0,0,0,0,0,0,0,0,0,0,0,0,0,0,0,,,,,,,,
"and my granny, she believe they is.",0,0,0,0,0,0,0,0,0,0,0,0,1,1,0,0,0,0,,,,,,,,
I cook a mess of greens yesterday,0,0,0,0,0,0,0,0,0,0,0,0,0,0,0,0,0,0,,,,,,,,
I could be to either get too deep into politics I mean i've been listening to it,0,0,0,0,0,0,0,0,0,0,0,0,0,0,0,0,0,0,,,,,,,,
I coulda been went back,0,0,0,0,0,0,0,0,0,0,0,0,0,0,0,0,0,0,,,,,,,,
I didn't because center don't have the ball that much.,0,0,0,0,0,0,0,0,0,0,0,0,1,0,0,0,0,0,,,,,,,,
I don't know it count.,0,0,0,0,0,0,0,0,0,0,0,0,1,0,0,0,0,0,,,,,,,,
I done forgot my hat.,0,0,0,0,1,0,0,0,0,0,0,0,0,0,0,0,0,0,,,,,,,,
I guess she already sleep with everybody the first semester so she gay now.,0,1,0,0,0,0,0,0,0,0,0,0,0,0,0,0,0,0,,,,,,,,
I guess she done slept with everybody first semester so she gay now.,0,1,0,0,1,0,0,0,0,0,0,0,0,0,0,0,0,0,,,,,,,,
I guess she done sleep with everybody the first semester And so she gay now.,0,1,0,0,1,0,0,0,0,0,0,0,0,0,0,0,0,0,,,,,,,,
I guess she done slept with everybody the first semester so she gay now.,0,1,0,0,1,0,0,0,0,0,0,0,0,0,0,0,0,0,,,,,,,,
I guess she done with everybody the first semester so she gay now.,0,1,0,0,0,0,0,0,0,0,0,0,0,0,0,0,0,0,,,,,,,,
I guess she done everybody the first semester so she gay now.,0,1,0,0,0,0,0,0,0,0,0,0,0,0,0,0,0,0,,,,,,,,
I guess she was done with everybody the first semester so she gay now.,0,1,0,0,0,0,0,0,0,0,0,0,0,0,0,0,0,0,,,,,,,,
I just be liking the beat to a hip hop song.,0,0,0,1,0,0,0,0,0,0,0,0,0,0,0,0,0,0,,,,,,,,
I know you been in it all the while.,0,0,0,0,0,0,0,0,0,0,0,0,0,0,0,0,0,0,,,,,,,,
"I mean I been playin-  I've been playing, um,  it's called mass.",0,0,0,0,0,0,0,0,0,0,0,0,0,0,0,0,0,0,,,,,,,,
"I mean, just- Yeah he was sick and ain't nobody knew it.",0,0,0,0,0,0,0,0,1,1,0,1,0,0,0,0,0,0,,,,,,,,
I proved it when I come home too.,0,0,0,0,0,0,0,0,0,0,0,0,0,0,0,0,0,0,,,,,,,,
I surely believe they is.,0,0,0,0,0,0,0,0,0,0,0,0,0,1,0,0,0,0,,,,,,,,
I think it five church in Princeville.,0,1,0,0,0,0,0,0,0,0,0,0,0,0,1,0,0,0,,,,,,,,
I wanna be to either get too deep into politic. I could be to it,0,0,0,0,0,0,0,0,0,0,0,0,0,0,0,0,0,0,,,,,,,,
I would just be liking the beat but she ain't nobody to listen to,0,0,0,0,0,0,0,0,1,0,0,1,0,0,0,0,0,0,,,,,,,,
"I- I don't know, I just never been- I mean, I tasted it before, it's okay, but I'm just like not a big mumbo sauce eater on my chicken and stuff.",0,0,0,0,0,0,0,0,0,0,0,0,0,0,0,0,0,0,,,,,,,,
I- I think they chances are good.,1,0,0,0,0,0,0,0,0,0,0,0,0,0,0,0,0,0,,,,,,,,
"If I'm at the gas station, aye what you finna do?",0,0,0,0,0,1,0,0,0,0,0,0,0,0,0,0,1,0,,,,,,,,
If it cost me two o- GR truckload of dog tags on the twenty fifth day of December.,0,0,0,0,0,0,0,0,0,0,0,0,0,0,1,1,0,0,,,,,,,,
"If- if it was that high. And I would take that- take them shoes to school with me, and change 'em on my way there.",0,0,0,0,0,0,0,0,0,0,0,0,0,0,0,0,0,0,,,,,,,,
"In, uh, second grade, teacher gave me nickname Snake cause well she said I was sneaky, you know. I'd be sitting in one place, and she turn around I'm sitting some place else.",0,0,0,0,0,0,0,0,0,0,0,0,1,0,0,1,0,0,,,,,,,,
interesting because I done did a few folks from,0,0,0,0,1,0,0,0,0,0,0,0,0,0,0,0,0,0,,,,,,,,
"It's a whole bunch of different restaurant now, um,  a big Family Dollar.",0,0,0,0,0,0,0,0,0,0,0,0,0,0,1,0,0,0,,,,,,,,
"It's like every time I turn around, I gotta do a detour here or I got- I- I can't take it no more.",0,0,0,0,0,0,0,0,1,0,0,0,0,0,0,0,0,0,,,,,,,,
It's like every- I was tell- s- Every time I turn around it's like they building up condos everywhere.,0,1,0,0,0,0,0,0,0,0,0,0,0,0,0,0,0,0,,,,,,,,
"it's like she pay her bill, and she got her job, she bust her ass, she",0,0,0,0,0,0,0,0,0,0,0,0,1,0,0,0,0,0,,,,,,,,
"it ain't like she don't pay her bill, she got her job, she bust her ass, she",0,0,0,0,0,0,0,0,0,0,0,1,1,0,0,0,0,0,,,,,,,,
It's not- I'm not gonna say it ain't good parenting  cause you can't say  hm- Right like And then I be seeing these videos.,0,0,0,1,0,0,0,0,0,0,0,1,0,0,0,0,0,0,,,,,,,,
just be liking the beat,0,0,0,1,0,0,0,0,0,0,0,0,0,0,0,0,0,0,,,,,,,,
Like  I'm like I ain't never seen that when I was in school RD-NAME-3.,0,0,0,0,0,0,0,0,1,0,0,1,0,0,0,0,0,0,,,,,,,,
like and then I be seeing these,0,0,0,1,0,0,0,0,0,0,0,0,0,0,0,0,0,0,,,,,,,,
like and then I will be seeing them all the time,0,0,0,0,0,0,0,0,0,0,0,0,0,0,0,0,0,0,,,,,,,,
Like I switched my major up soon as I took them classes.,0,0,0,0,0,0,0,0,0,0,0,0,0,0,0,0,0,0,,,,,,,,
"like nah, man way he walk, he finna start some problems",0,0,0,0,0,1,0,0,0,0,0,0,1,0,0,0,0,0,,,,,,,,
"Man, where you going?",0,1,0,0,0,0,0,0,0,0,0,0,0,0,0,0,1,0,,,,,,,,
My boy think every black girl like Gabrielle Union.,0,0,0,0,0,0,0,0,0,0,0,0,1,0,0,0,0,0,,,,,,,,
"My closest friend is my barber and I been knowing him ever since we- I was like, ten years old.",0,0,0,0,0,0,0,0,0,0,0,0,0,0,0,0,0,0,,,,,,,,
Ninety-six babies  is finna be twenty-one.,0,0,0,0,0,1,0,0,0,0,0,0,0,1,0,0,0,0,,,,,,,,
Old General Kesselring come backing up.,0,0,0,0,0,0,0,0,0,0,0,0,0,0,0,0,0,0,,,,,,,,
Or they be like what you finna do?,0,0,0,1,0,1,0,0,0,0,0,0,0,0,0,0,1,0,,,,,,,,
"over there, and he come over there",0,0,0,0,0,0,0,0,0,0,0,0,0,0,0,0,0,0,,,,,,,,
"over there, and yesterday he come there",0,0,0,0,0,0,0,0,0,0,0,0,0,0,0,0,0,0,,,,,,,,
"over there, and he running there",0,1,0,0,0,0,0,0,0,0,0,0,0,0,0,0,0,0,,,,,,,,
"over there, come running there like",0,0,0,0,0,0,0,0,0,0,0,0,0,0,0,0,0,0,,,,,,,,
"over there, he come running there",0,0,0,0,0,0,0,0,0,0,0,0,0,0,0,0,0,0,,,,,,,,
Said we were supposed to been load you on that ship that go Tokyo.,0,0,0,0,0,0,0,0,0,0,0,0,1,0,0,0,0,0,,,,,,,,
she ain't really never been in the group,0,0,0,0,0,0,0,0,1,0,0,1,0,0,0,0,0,0,,,,,,,,
"Miss January over there, she come grabbing me on my shirt",0,1,0,0,0,0,1,0,0,0,0,0,0,0,0,0,0,0,,,,,,,,
"so like, Sugar Bear, he g- if he see me and my girlfriend, he be like, RD-NAME-2 and RD-NAME-2, RD-NAME-2 and RD-NAME-2 cause we used to come see him all the time.",0,0,0,1,0,0,0,0,0,0,0,0,1,0,0,0,0,0,,,,,,,,
So she come grabbing me on,0,0,0,0,0,0,1,0,0,0,0,0,0,0,0,0,0,0,,,,,,,,
"so she said that um- <ts> My aunt's um, husband friend help her- hold her and swim with her to the boat, and it was a lot of people on top of houses, you know?",1,0,0,0,0,0,0,0,0,0,0,0,0,0,0,0,0,0,,,,,,,,
"So that was like the main- Yeah, yeah you were here, or, you know, yeah, he know me, he know me, so.",0,0,0,0,0,0,0,0,0,0,0,0,1,0,0,0,0,0,,,,,,,,
So they all four of 'em is occupied but it ain't by the same people that was there all the time.,0,0,0,0,0,0,0,0,0,0,0,1,0,1,0,0,0,0,,,,,,,,
"So they was real negative so, they didn't never really have anything to say.",0,0,0,0,0,0,0,0,1,0,0,0,0,1,0,0,0,0,,,,,,,,
So what d- what we had to do is they find a target where we were trying to h- get.,0,0,0,0,0,0,0,0,0,0,0,0,0,0,0,0,0,0,,,,,,,,
So when she come grabbing me on,0,0,0,0,0,0,0,0,0,0,0,0,1,0,0,0,0,0,,,,,,,,
"So when alicia, she grabbing me on",0,1,0,0,0,0,0,0,0,0,0,0,0,0,0,0,0,0,,,,,,,,
"So when she come last week, I was upset",0,0,0,0,0,0,0,0,0,0,0,0,0,0,0,0,0,0,,,,,,,,
"That thing- them planes, we don't carry nothing but them big loaded bombs.",0,0,0,0,0,0,0,0,1,0,0,0,0,0,0,0,0,0,,,,,,,,
That where we landed there on.,0,1,0,0,0,0,0,0,0,0,0,0,0,0,0,0,0,0,,,,,,,,
"the music, who you feeling right now?",0,1,0,0,0,0,0,0,0,0,0,0,0,0,0,0,1,0,,,,,,,,
The mirror been broke,0,0,0,0,0,0,0,0,0,0,0,0,0,0,0,0,0,0,,,,,,,,
His pants been tore,0,0,0,0,0,0,0,0,0,0,0,0,0,0,0,0,0,0,,,,,,,,
they ain't come eating up mama stew yet I hope not,1,0,0,0,0,0,0,0,0,0,0,1,0,0,0,0,0,0,,,,,,,,
"the thing, and come walking up to your",0,0,0,0,0,0,0,0,0,0,0,0,0,0,0,0,0,0,,,,,,,,
The two finna be considered old.,0,0,0,0,0,1,0,0,0,0,0,0,0,0,0,0,0,0,,,,,,,,
The two-thousands finna be considered old.,0,0,0,0,0,1,0,0,0,0,0,0,0,0,0,0,0,0,,,,,,,,
The two-thousands gonna be considered old.,0,1,0,0,0,0,0,0,0,0,0,0,0,0,0,0,0,0,,,,,,,,
The two-thousands tryna be considered old.,0,1,0,0,0,0,0,0,0,0,0,0,0,0,0,0,0,0,,,,,,,,
then like I be seeing these,0,0,0,1,0,0,0,0,0,0,0,0,0,0,0,0,0,0,,,,,,,,
"There- I knowed him before that, but I just- I just- only then I got acquainted, where I could sit down and talk with him.",0,0,0,0,0,0,0,0,0,0,0,0,0,0,0,0,0,0,,,,,,,,
These ma could be letting they little boys dance,1,0,0,0,0,0,0,0,0,0,0,0,0,0,1,0,0,0,,,,,,,,
These mama be letting they little boys dance,1,0,0,1,0,0,0,0,0,0,0,0,0,0,1,0,0,0,,,,,,,,
These mamas be letting little boys dance,0,0,0,1,0,0,0,0,0,0,0,0,0,0,0,0,0,0,,,,,,,,
These mamas be letting they little boys dance,1,0,0,1,0,0,0,0,0,0,0,0,0,0,0,0,0,0,,,,,,,,
These mamas they would be little boys dance,0,0,0,0,0,0,0,0,0,0,0,0,0,0,0,0,0,0,,,,,,,,
They be finna go to bed when I call there.,0,0,0,1,0,1,0,0,0,0,0,0,0,0,0,0,0,0,,,,,,,,
they changed about two or three time we were there.,0,0,0,0,0,0,0,0,0,0,0,0,0,0,1,0,0,0,,,,,,,,
They die hard Laker fans.,0,1,0,0,0,0,0,0,0,0,0,0,0,0,0,0,0,0,,,,,,,,
They done it already,0,0,0,0,0,0,0,0,0,0,0,0,0,0,0,0,0,0,,,,,,,,
They done took they building money from you?,1,0,0,0,1,0,0,0,0,0,0,0,0,0,0,0,0,0,,,,,,,,
They family is die hard Laker fans.,1,0,0,0,0,0,0,0,0,0,0,0,0,0,0,0,0,0,,,,,,,,
They is die hard Laker fans.,0,0,0,0,0,0,0,0,0,0,0,0,0,1,0,0,0,0,,,,,,,,
They is hard Laker fans.,0,0,0,0,0,0,0,0,0,0,0,0,0,1,0,0,0,0,,,,,,,,
They never been to a hospital.,0,0,0,0,0,0,0,0,0,0,0,0,0,0,0,0,0,0,,,,,,,,
Think he at Grady back.,0,1,0,0,0,0,0,0,0,0,0,0,0,0,0,0,0,0,,,,,,,,
Took about six month to be,0,0,0,0,0,0,0,0,0,0,0,0,0,0,1,0,0,0,,,,,,,,
"Uh, he would, uh, w- t- explained to us that he had been pushed back thirty mile in the Atlantic Ocean.",0,0,0,0,0,0,0,0,0,0,0,0,0,0,1,0,0,0,,,,,,,,
"Uh, I stayed on the farm for three year before I come here.",0,0,0,0,0,0,0,0,0,0,0,0,0,0,1,0,0,0,,,,,,,,
"Uh, well, I can't hardly say cause I ain't, you know, I still live as far as that concern, but it's a little on the tight side now cause the government took their- president and all them crowd done took all this money away from 'em.",0,0,0,0,1,0,0,0,1,0,0,1,0,0,0,0,0,0,,,,,,,,
"Um, telling me about their problems they had with drug addiction, uh, with they kids.",1,0,0,0,0,0,0,0,0,0,0,0,0,0,0,0,0,0,,,,,,,,
We got all kind of stuff.,0,0,0,0,0,0,0,0,0,0,0,0,0,0,1,0,0,0,,,,,,,,
"we I mean, done forgot the name of it",0,0,0,0,1,0,0,0,0,0,0,0,0,0,0,0,0,0,,,,,,,,
We only had two elementary school.,0,0,0,0,0,0,0,0,0,0,0,0,0,0,1,0,0,0,,,,,,,,
we played... they forget the name of it before though,0,0,0,0,0,0,0,0,0,0,0,0,0,0,0,0,0,0,,,,,,,,
"we have been played, I done forgot the name of it",0,0,0,0,1,0,0,0,0,0,0,0,0,0,0,0,0,0,,,,,,,,
"we played, I have forgot the name of it",0,0,0,0,0,0,0,0,0,0,0,0,0,0,0,0,0,0,,,,,,,,
"We went- come on out, uh- I'd been up there nine month now on that- in that same place fighting, where we didn't never have to move.",0,0,0,0,0,0,0,0,1,0,0,0,0,0,1,0,0,0,,,,,,,,
"we, and I done forgot the name of it",0,0,0,0,1,0,0,0,0,0,0,0,0,0,0,0,0,0,,,,,,,,
"well done, you know automatically won your",0,0,0,0,0,0,0,0,0,0,0,0,0,0,0,0,0,0,,,,,,,,
"Well see, back in them days, my daddy way back there a long time ago, he used to be a carpenter.",0,0,0,0,0,0,0,0,0,0,0,0,0,0,0,0,0,0,,,,,,,,
"Well them people been by to talk to me, times after times since the flood you know, they- they really have.",0,0,0,0,0,0,0,0,0,0,0,0,0,0,0,0,0,0,,,,,,,,
Well where you- h- where you located?,0,1,0,0,0,0,0,0,0,0,0,0,0,0,0,0,1,0,,,,,,,,
"Well, well then, when, uh, he coming through the Army where I was at, Quite naturally I'm finna get to know him.",0,1,0,0,0,1,0,0,0,0,0,0,0,0,0,0,0,0,,,,,,,,
"well, you done automatically won my mama sister match",1,0,0,0,1,0,0,0,0,0,0,0,0,0,0,0,0,0,,,,,,,,
"well, you done went automatically won mama game",1,0,0,0,1,0,0,0,0,0,0,0,0,0,0,0,0,0,,,,,,,,
"what is the problem? She was like, when it snow y'all shut everything down. She was like, it is not that serious. I said, yes it is for us. We're not used to no snow. We shut every- She said,",0,0,0,0,0,0,0,0,1,0,0,0,1,0,0,0,0,0,,,,,,,,
What it's like now?,0,0,0,0,0,0,0,0,0,0,0,0,0,0,0,0,0,1,,,,,,,,
What that?,0,1,0,0,0,0,0,0,0,0,0,0,0,0,0,0,1,0,,,,,,,,
What they doing?,0,1,0,0,0,0,0,0,0,0,0,0,0,0,0,0,1,0,,,,,,,,
What they was doing,0,0,0,0,0,0,0,0,0,0,0,0,0,1,0,0,0,1,,,,,,,,
What we gonna do?,0,1,0,0,0,0,0,0,0,0,0,0,0,0,0,0,1,0,,,,,,,,
What we to do?,0,1,0,0,0,0,0,0,0,0,0,0,0,0,0,0,1,0,,,,,,,,
What you gonna do?,0,0,0,0,0,0,0,0,0,0,0,0,0,0,0,0,1,0,,,,,,,,
What- what you saying now?,0,1,0,0,0,0,0,0,0,0,0,0,0,0,0,0,1,0,,,,,,,,
"who did it, nobody don't say nothing.",0,0,0,0,0,0,0,0,1,0,1,0,1,0,0,0,0,0,,,,,,,,
"who was it, nobody don't say nothing.",0,0,0,0,0,0,0,0,1,0,1,0,1,0,0,0,0,0,,,,,,,,
Why don't them people want to take that car?,0,0,0,0,0,0,0,0,0,0,0,0,0,0,0,0,0,0,,,,,,,,
"Y'all had a- a- I don't either- But anyhow, me and him just about come up together.",0,0,0,0,0,0,0,0,0,0,0,0,0,0,0,0,0,0,,,,,,,,
Y'all just  covering it up with  m-  trees and grass and real nice houses.,0,1,0,0,0,0,0,0,0,0,0,0,0,0,0,0,0,0,,,,,,,,
"Yeah, when it come on there, we be done read it in the newspaper",0,0,0,1,1,0,0,0,0,0,0,0,1,0,0,0,0,0,,,,,,,,
"Yes it does, seeing that you're not the only one that have- have been have issues or problems.",0,0,0,0,0,0,0,0,0,0,0,0,0,0,0,0,0,0,,,,,,,,
you before you come accusing blindly.,0,0,0,0,0,0,1,0,0,0,0,0,0,0,0,0,0,0,,,,,,,,
you done lost In your mind.,0,0,0,0,1,0,0,0,0,0,0,0,0,0,0,0,0,0,,,,,,,,
you done lost your life.,0,0,0,0,1,0,0,0,0,0,0,0,0,0,0,0,0,0,,,,,,,,
you done lost your mind.,0,0,0,0,1,0,0,0,0,0,0,0,0,0,0,0,0,0,,,,,,,,
You know where that club- That one over at um- You know where Frank stay?,0,0,0,0,0,0,0,0,0,0,0,0,1,0,0,0,0,0,,,,,,,,
You know where uh- old man house and all that crowd was?,1,0,0,0,0,0,0,0,0,0,0,0,0,1,0,0,0,0,,,,,,,,
"you know, it be blocks in the street",0,0,0,1,0,0,0,0,0,0,0,0,0,0,0,0,0,0,,,,,,,,
"you know, it be in the street",0,0,0,1,0,0,0,0,0,0,0,0,0,0,0,0,0,0,,,,,,,,
"you know, it would be blocks in the street",0,0,0,0,0,0,0,0,0,0,0,0,0,0,0,0,0,0,,,,,,,,
"You know, it's sposta been temporary.",0,0,0,0,0,0,0,0,0,0,0,0,0,0,0,0,0,0,,,,,,,,
"you know, there be blocks in the street",0,0,0,1,0,0,0,0,0,0,0,0,0,0,0,0,0,0,,,,,,,,
You the one come telling me it‚Äôs hot. I can‚Äôt believe you got your coat on,0,1,0,0,0,0,1,0,0,0,0,0,0,0,0,0,0,0,,,,,,,,
Zaria consciousness is not in good condiiton,1,0,0,0,0,0,0,0,0,0,0,0,0,0,0,0,0,0,,,,,,,,
Zaria conscious is not a good condiiton,1,0,0,0,0,0,0,0,0,0,0,0,0,0,0,0,0,0,,,,,,,,
Zaria conscious never in good condiiton,0,1,0,0,0,0,0,0,0,0,0,0,0,0,0,0,0,0,,,,,,,,
"They want to do they own thing, and you finna talk to them",1,0,0,0,0,1,0,0,0,0,0,0,0,0,0,0,0,0,,,,,,,,
That been how y'all socks be,1,0,0,1,0,0,0,0,0,0,0,0,0,0,0,0,0,0,,,,,,,,
She come going in my room - didn't knock or nothing,0,0,0,0,0,0,1,0,1,0,0,0,0,0,0,0,0,0,,,,,,,,
They come up to me yesterday,0,0,0,0,0,0,0,0,0,0,0,0,0,0,0,0,0,0,,,,,,,,
It ain't nothing going on in this lesson,0,0,0,0,0,0,0,0,1,0,0,1,0,0,0,0,0,0,,,,,,,,
Who you done spoke to like,0,0,0,0,1,0,0,0,0,0,0,0,0,0,0,0,1,1,,,,,,,,
I wonder do it be like the water we drink that one time,0,0,0,1,0,0,0,0,0,0,0,0,1,0,0,0,0,0,,,,,,,,
Sometimes Rolanda bed don‚Äôt be made up,1,0,0,1,0,0,0,0,0,0,0,0,1,0,0,0,0,0,,,,,,,,
"That teacher, she yell at the kids",0,0,0,0,0,0,0,0,0,0,0,0,1,0,0,0,0,0,,,,,,,,
What they was doing?,0,0,0,0,0,0,0,0,0,0,0,0,0,1,0,0,0,1,,,,,,,,
People be on them jobs for thirty year just steady working,0,0,0,1,0,0,0,0,0,0,0,0,0,0,1,0,0,0,,,,,,,,
"I mean, that's the only thing I can say he ever taught me was- All the wrong he done I didn't wanna dabble in it.",0,0,0,0,0,0,0,0,0,0,0,0,0,0,0,0,0,0,,,,,,,,
Cause I- I don't do this r- I don't do this on a regular basis.,0,0,0,0,0,0,0,0,0,0,0,0,0,0,0,0,0,0,,,,,,,,
"I mean, because that was when I guess, y- if you- if- if you in a- like a closed in like, neighborhood, um, you knew everybody on the entire street.",0,1,0,0,0,0,0,0,0,0,0,0,0,0,0,0,0,0,,,,,,,,
"A guest walk past, how you doing?",0,1,0,0,0,0,0,0,0,0,0,0,1,0,0,0,1,0,,,,,,,,
"And at the time, my grades let me go there.",0,0,0,0,0,0,0,0,0,0,0,0,0,0,0,0,0,0,,,,,,,,
"And cause you, I guess, figure you- you have the mindset it's no consequences for your actions at all.",0,0,0,0,0,0,0,0,0,0,0,0,0,0,0,0,0,0,,,,,,,,
And f- everybody used to call it that still do.,0,0,0,0,0,0,0,0,0,0,0,0,1,0,0,0,0,0,,,,,,,,
"And I guess word got out through them, they passed on cards to other individuals.",0,0,0,0,0,0,0,0,0,0,0,0,0,0,0,0,0,0,,,,,,,,
And I think back then it was a lot of rec centers we can go to.,0,0,0,0,0,0,0,0,0,0,0,0,0,0,0,0,0,0,,,,,,,,
"And I think initially that's what got me, um, promoted because it was a instance where my supervisor I guess she was older she was inclined to technology.",0,0,0,0,0,0,0,0,0,0,0,0,0,0,0,0,0,0,,,,,,,,
"And I think that's learned behavior because if you- you- growing up, I mean, everybody don't have that personality.",0,1,0,0,0,0,0,0,0,0,0,0,1,0,0,0,0,0,,,,,,,,
"And I- like I s- I- I- like I said I knew when I first got there he was pretty much dead, but I couldn't say that to her because like I said, I'm not a doctor.",0,0,0,0,0,0,0,0,0,0,0,0,0,0,0,0,0,0,,,,,,,,
"And it was instances where after we been there for a while, we were one on one with individuals probably twice my age.",0,0,0,0,0,0,0,0,0,0,0,0,0,0,0,0,0,0,,,,,,,,
"And it was more- um, more interaction with the kids there and in elementary school.",0,0,0,0,0,0,0,0,0,0,0,0,0,0,0,0,0,0,,,,,,,,
"And like all the- um, the decorations, um, um, the tablecloths and everything, her and her sister pl- uh, picked everything.",0,0,0,0,0,0,0,0,0,0,0,0,0,0,0,0,0,0,,,,,,,,
And my sister went but I didn't know nothing about it.,0,0,0,0,0,0,0,0,1,0,0,0,0,0,0,0,0,0,,,,,,,,
"And she don't need it now, I mean, it's- it's just gonna- as long as you're living it's gonna be there.",0,0,0,0,0,0,0,0,0,0,0,0,1,0,0,0,0,0,,,,,,,,
"and the average person in the city, some of 'em don't have a car to take their kid to like a- uh, a private school or something like that.",0,0,0,0,0,0,0,0,0,0,0,0,0,0,0,0,0,0,,,,,,,,
"And then a lot of her family members were aksing me, well you have any business cards?",0,0,0,0,0,0,0,0,0,0,0,0,0,0,0,0,0,0,,,,,,,,
"And then they- couple of months- like a month later they went to Cleveland, b- beat the brakes off of 'em.",0,0,0,0,0,0,0,0,0,0,0,0,0,0,0,0,0,0,,,,,,,,
"And they had a housekeeper to t- to take them in the room cause they was like, real real frantic.",0,0,0,0,0,0,0,0,0,0,0,0,0,1,0,0,0,0,,,,,,,,
"And when he saw me, he was like, man why you ain't try out for the team?",0,0,0,0,0,0,0,0,0,0,0,1,0,0,0,0,0,1,,,,,,,,
"And you gotta imagine me, I'm like fifteen sixteen listening to somebody who's like, forty telling me about the problems that they have.",0,0,0,0,0,0,0,0,0,0,0,0,0,0,0,0,0,0,,,,,,,,
"And, um, my mentor a guy named RD-NAME-5 and I- I ran into him like a couple years ago I been friends with him ever since.",0,1,0,0,0,0,0,0,0,0,0,0,0,0,0,0,0,0,,,,,,,,
"Because I always knew I can cook cause my mother from the south, so.",0,1,0,0,0,0,0,0,0,0,0,0,0,0,0,0,0,0,,,,,,,,
"Because it was nobody to follow behind because you don't- you don't know nobody, nah.",0,0,0,0,0,0,0,0,1,0,0,0,0,0,0,0,0,0,,,,,,,,
"Because why would somebody invent I- I guess a slave owner invent like, a gadget or something to make them do their job better?",0,0,0,0,0,0,0,0,0,0,0,0,0,0,0,0,0,0,,,,,,,,
Birthday is December the first.,0,0,0,0,0,0,0,0,0,0,0,0,0,0,0,0,0,0,,,,,,,,
Boys has always been like that.,0,0,0,0,0,0,0,0,0,0,0,0,0,0,0,0,0,0,,,,,,,,
"But after a while, I- I guess the performance- um, my performance, uh, he took a liking to.",0,0,0,0,0,0,0,0,0,0,0,0,0,0,0,0,0,0,,,,,,,,
"But growing up, uh, her and like, a couple of my other sister friends probably used to like me.",1,0,0,0,0,0,0,0,0,0,0,0,0,0,0,0,0,0,,,,,,,,
But how you feel don't matter at the time because you gotta figure the decisions you make is gonna affect other people and the business.,0,0,0,0,0,0,0,0,0,0,0,0,1,1,0,0,0,0,,,,,,,,
"But I think that it's a lot of things that I know I wanted as a child, but I was satisfied with the things that I had because I saw at a early age that my mother was busting her tail to support all of us by herself, so.",0,0,0,0,0,0,0,0,0,0,0,0,0,0,0,0,0,0,,,,,,,,
"But I think that's why they starting to fade it out and close a lot of clubs because of that, what happens afterwards.",0,1,0,0,0,0,0,0,0,0,0,0,0,0,0,0,0,0,,,,,,,,
But I think the games that's coming up they gotta take advantage of and win.,0,0,0,0,0,0,0,0,0,0,0,0,0,1,0,0,0,0,,,,,,,,
"But I wanted it- I don't wanna get- have it in her mind that- the hate that I have for little boys that she gotta, well I- I don't wanna tell him this.",0,0,0,0,0,0,0,0,0,0,0,0,0,0,0,1,0,0,,,,,,,,
But I- I don't eat carry out that much no more though.,0,0,0,0,0,0,0,0,1,0,0,0,0,0,0,0,0,0,,,,,,,,
But I- I- she- she know the difference between stuff that she wants and something that she needs.,0,0,0,0,0,0,0,0,0,0,0,0,1,0,0,0,0,0,,,,,,,,
But it wasn't one in my house either.,0,0,0,0,0,0,0,0,0,0,0,0,0,0,0,0,0,0,,,,,,,,
But it- it was more activities then.,0,0,0,0,0,0,0,0,0,0,0,0,0,0,0,0,0,0,,,,,,,,
"But now, looking at it, I shoulda want to play it more because me playing center the average guy that was checking me was bigger and slower.",1,0,0,0,0,0,0,0,0,0,0,0,0,0,0,0,0,0,,,,,,,,
But what happened was that a couple a years ago- cause her family and my family know each other.,0,0,0,0,0,0,0,0,0,0,0,0,0,0,0,0,0,0,,,,,,,,
"But, I ain't been there in a while.",0,0,0,0,0,0,0,0,0,0,0,1,0,0,0,0,0,0,,,,,,,,
"But, I mean, I never dabbled in- in, I- I never felt the need to.",0,0,0,0,0,0,0,0,0,0,0,0,0,0,0,0,0,0,,,,,,,,
"But, um, now, they- nobody fights anymore.",0,0,0,0,0,0,0,0,0,0,0,0,0,0,0,0,0,0,,,,,,,,
"But, um, they don't have programs like that anymore, though.",0,0,0,0,0,0,0,0,0,0,0,0,0,0,0,0,0,0,,,,,,,,
"Carmelo, he has that He's a ball hog.",0,0,0,0,0,0,0,0,0,0,0,0,0,0,0,0,0,0,,,,,,,,
Cause I know they not teaching it in school.,0,1,0,0,0,0,0,0,0,0,0,0,0,0,0,0,0,0,,,,,,,,
Cause I- I don't do this r- I don't do this on a regular basis.,0,0,0,0,0,0,0,0,0,0,0,0,0,0,0,0,0,0,,,,,,,,
"Cause like I said, everybody knew- I mean, the neighborhoods were that close where I can walk across the s- like the, um, football field, and I'm at, um, what's that, it's called Robinson Street.",0,0,0,0,0,0,0,0,0,0,0,0,0,0,0,0,0,0,,,,,,,,
"Cause they play what, the forty-niners?",0,0,0,0,0,0,0,0,0,0,0,0,0,0,0,0,0,0,,,,,,,,
"Cause they- they was from- I can't- forgot what city they was from, but it was nowhere near DC of course.",0,0,0,0,0,0,0,0,0,0,0,0,0,1,0,0,0,0,,,,,,,,
Cause usually if we have a gathering it's on like a Friday or Saturday.,0,0,0,0,0,0,0,0,0,0,0,0,0,0,0,0,0,0,,,,,,,,
Cold as ice.,0,0,0,0,0,0,0,0,0,0,0,0,0,0,0,0,0,0,,,,,,,,
"Derrick Rose, he's gonna help.",0,0,0,0,0,0,0,0,0,0,0,0,0,0,0,0,0,0,,,,,,,,
Didn't know nobody.,0,0,0,0,0,0,0,0,1,0,0,0,0,0,0,0,0,0,,,,,,,,
Don't know if they a passing team or running team.,0,1,0,0,0,0,0,0,0,0,0,0,0,0,0,0,0,0,,,,,,,,
"During the process, um, they showed up, the ambulance showed up, and they saw what I was doing.",0,0,0,0,0,0,0,0,0,0,0,0,0,0,0,0,0,0,,,,,,,,
"Every little instance we had during practice, temper tantrum.",0,0,0,0,0,0,0,0,0,0,0,0,0,0,0,0,0,0,,,,,,,,
Everybody just gonna get their touches.,0,1,0,0,0,0,0,0,0,0,0,0,0,0,0,0,0,0,,,,,,,,
"Everything was there cause it was big enough, the rec center was to hold a lot of kids.",0,0,0,0,0,0,0,0,0,0,0,0,0,0,0,0,0,0,,,,,,,,
Family is really really close.,0,0,0,0,0,0,0,0,0,0,0,0,0,0,0,0,0,0,,,,,,,,
"Girl, she's fifteen.",0,0,0,0,0,0,0,0,0,0,0,0,0,0,0,0,0,0,,,,,,,,
"Guests'll come up to you and hold a conversation with you for a hour if they could, about their day, their kids, um, things that's going on in the area.",0,0,0,0,0,0,0,0,0,0,0,0,0,1,0,0,0,0,,,,,,,,
He got somebody that's unselfish that will give him the ball.,0,0,0,0,0,0,0,0,0,0,0,0,0,0,0,1,0,0,,,,,,,,
"His ch- he was like, chest felt funny, and his stomach was hurting.",0,0,0,0,0,0,0,0,0,0,0,0,0,0,0,0,0,0,,,,,,,,
"I ain't know you was into, um, sports- basketball fanat- I did not know that.",0,0,0,0,0,0,0,0,0,0,0,1,0,1,0,0,0,0,,,,,,,,
"I didn't really wanna do it, I mean, because I was like, man I- cause I- I- I didn't even plan on being there that long.",0,0,0,0,0,0,0,0,0,0,0,0,0,0,0,0,0,0,,,,,,,,
"I didn't plan anything with it, neither did I wanna have anything to do with- I didn't wanna have anything to do with the planning, cause her sister is a- um, that's what she does on the side, like planning and events and stuff like that.",0,0,0,0,0,0,0,0,0,0,0,0,0,0,0,0,0,0,,,,,,,,
I don't do that no more.,0,0,0,0,0,0,0,0,1,0,0,0,0,0,0,0,0,0,,,,,,,,
I don't know if you ever heard of him but his name RD-NAME-4.,0,1,0,0,0,0,0,0,0,0,0,0,0,0,0,0,0,0,,,,,,,,
"I don't- I- I think it might- I mean, just cause LeBron on the team I think it might work, but can the Wizards beat 'em?",0,1,0,0,0,0,0,0,0,0,0,0,0,0,0,0,0,0,,,,,,,,
"I feel it is because- Of course some of the songs they do are like, cover songs of other artists.",0,0,0,0,0,0,0,0,0,0,0,0,0,0,0,0,0,0,,,,,,,,
"I got two bottles at the house ready to And actually I- um, I s- it was like a year ago for my birthday, I went- they had like a- uh, a expo at the convention center.",0,0,0,0,0,0,0,0,0,0,0,0,0,0,0,0,0,0,,,,,,,,
"I heard a call over the radio about a- um, a guest needs assistance.",0,0,0,0,0,0,0,0,0,0,0,0,0,0,0,0,0,0,,,,,,,,
"I know times are different then, but I- I know mothers and parents are younger now, but in my household, it was just my mother.",0,0,0,0,0,0,0,0,0,0,0,0,0,0,0,0,0,0,,,,,,,,
"I mean, all the other teams they lost a lot of good players but they gained a lot of good players as well.",0,0,0,0,0,0,0,0,0,0,0,0,0,0,0,0,0,0,,,,,,,,
"I mean, because that was when I guess, y- if you- if- if you in a- like a closed in like, neighborhood, um, you knew everybody on the entire street.",0,1,0,0,0,0,0,0,0,0,0,0,0,0,0,0,0,0,,,,,,,,
"I mean, But, um, it got to a point where like I said, I was doing the CPR process, it didn't work, they took him to the hospital, he pronounced dead.",0,1,0,0,0,0,0,0,0,0,0,0,0,0,0,0,0,0,,,,,,,,
"I mean, but, um, She probably- I mean, I j- she probably has a interest in boys already I just don't know about it.",0,0,0,0,0,0,0,0,0,0,0,0,0,0,0,0,0,0,,,,,,,,
"I mean, cause I- when I first started doing security, security was looked at the guy with the mean face standing in CVS telling everybody what to- what to do and being mean to people.",0,0,0,0,0,0,0,0,0,0,0,0,0,0,0,0,0,0,,,,,,,,
"I mean, cause you- you- you get to a point where if you go to a jail, it's more- the population- I mean, it- to me, jail is a business.",0,0,0,0,0,0,0,0,0,0,0,0,0,0,0,0,0,0,,,,,,,,
"I mean, I ain't- it wasn't really no big issue at the time, but now that I look at it- but I'm starting to learn more.",0,0,0,0,0,0,0,0,1,0,0,1,0,0,0,0,0,0,,,,,,,,
"I mean, it was violence in the- the neighborhood, so to speak.",0,0,0,0,0,0,0,0,0,0,0,0,0,0,0,0,0,0,,,,,,,,
"I mean, it's nothing really that we could have possibly done to change it because she didn't know and neither we- I mean, we didn't know either I guess he was sick, so.",0,0,0,0,0,0,0,0,0,0,0,0,0,0,0,0,0,0,,,,,,,,
"I mean, of course, there was some altercations, I mean, for the- the dumbest reasons.",0,0,0,0,0,0,0,0,0,0,0,0,0,1,0,0,0,0,,,,,,,,
"I mean, of course, you know, you got a sibling.",0,0,0,0,0,0,0,0,0,0,0,0,0,0,0,0,0,0,,,,,,,,
I need to find when is the next one.,0,0,0,0,0,0,0,0,0,0,0,0,0,0,0,0,0,1,,,,,,,,
"I never got put out but I was one of the ones, you- you joking with me, my work's done, your's not.",0,1,0,0,0,0,0,0,0,0,0,0,0,0,0,0,0,0,,,,,,,,
I taught- I- I- everything I've learned from my father I tell my daughter.,0,0,0,0,0,0,0,0,0,0,0,0,0,0,0,1,0,0,,,,,,,,
"I think- and I- I'm not saying it just because it's my family, I don't think it's a family on this planet that's close as we are.",0,0,0,0,0,0,0,0,0,0,0,0,0,0,0,0,0,0,,,,,,,,
I wish they did but they don't.,0,0,0,0,0,0,0,0,0,0,0,0,0,0,0,0,0,0,,,,,,,,
"I- my father been told me this a long time ago, that, um, more kids are getting charges like, at a high rate for everything now.",0,0,0,0,0,0,0,0,0,0,0,0,0,0,0,1,0,0,,,,,,,,
It don't exist no more though.,0,0,0,0,0,0,0,0,1,0,0,0,1,0,0,0,0,0,,,,,,,,
"It just- I mean, it's- the system in general I don't- it's a lot of things I don't agree with.",0,0,0,0,0,0,0,0,0,0,0,0,0,0,0,0,0,0,,,,,,,,
"it was like rolling around in my head like, dang should I- what if I'd have got there sooner?",0,0,0,0,0,0,0,0,0,0,0,0,0,0,0,0,0,0,,,,,,,,
"It was like that then, whereas though now, I mean, I would say that's- you walk past people that don't say nothing to you or don't really care.",0,0,0,0,0,0,0,0,1,0,0,0,0,0,0,0,0,0,,,,,,,,
"It- when you decide to be bad, you w- I remember one time I did get in trouble.",0,0,0,0,0,0,0,0,0,0,0,0,0,0,0,0,0,0,,,,,,,,
"Just because you- you're in bad surroundings, shouldn't mean that you should have the same type of mentality, nah.",0,0,0,0,0,0,0,0,0,0,0,0,0,0,0,0,0,0,,,,,,,,
Like I said the program called OSAY.,0,0,0,0,0,0,0,0,0,0,0,0,0,0,0,0,0,0,,,,,,,,
"Like, to go get a steak and cheese from the carry out, I don't do that no more.",0,0,0,0,0,0,0,0,1,0,0,0,0,0,0,0,0,0,,,,,,,,
"My cousins, you- sometimes people think we're br- like brothers and sisters.",0,0,0,0,0,0,0,0,0,0,0,0,0,0,0,0,0,0,,,,,,,,
Neither did I want to.,0,0,0,0,0,0,0,0,0,0,0,0,0,0,0,0,0,0,,,,,,,,
Never was.,0,0,0,0,0,0,0,0,0,0,0,0,0,0,0,0,0,0,,,,,,,,
"No father figure in his life, um, really really good at a sport but had no guidance.",0,0,0,0,0,0,0,0,0,0,0,0,0,0,0,0,0,0,,,,,,,,
"I mean, because I ran into problems when I was coaching whereas though it was a single mother, child's really really really spoiled.",0,0,0,0,0,0,0,0,0,0,0,0,0,0,0,0,0,0,,,,,,,,
"No k- no in- no inventors, we really never learned about- Charles Drew, that's the only one I remember.",0,0,0,0,0,0,0,0,0,0,0,0,0,0,0,0,0,0,,,,,,,,
No resources at all.,0,0,0,0,0,0,0,0,0,0,0,0,0,0,0,0,0,0,,,,,,,,
"No, because before you look up, DC will look totally di- it's- it look totally different now but it's gonna get way totally different than what it is now.",0,0,0,0,0,0,0,0,0,0,0,0,1,0,0,0,0,0,,,,,,,,
"No, unless it's a drastic change.",0,0,0,0,0,0,0,0,0,0,0,0,0,0,0,0,0,0,,,,,,,,
"None- neither one of 'em they do well, just average at both.",0,0,0,0,0,0,0,0,0,0,0,0,0,0,0,0,0,0,,,,,,,,
Not just- Cause I know she aks for a lot.,0,0,0,0,0,0,0,0,0,0,0,0,0,0,0,0,0,0,,,,,,,,
"Now they building these condos, um, new developments, and they moving a majority of the black people that was living in the area to PG.",0,1,0,0,0,0,0,0,0,0,0,0,0,1,0,0,0,0,,,,,,,,
"The rec center, it was a whole lot of rec centers back in the day.",0,0,0,0,0,0,0,0,0,0,0,0,0,0,0,0,0,0,,,,,,,,
Every corner it was a rec center.,0,0,0,0,0,0,0,0,0,0,0,0,0,0,0,0,0,0,,,,,,,,
"Now, I mean, it's- it's nothing.",0,0,0,0,0,0,0,0,0,0,0,0,0,0,0,0,0,0,,,,,,,,
"It's nothing to fall back on, and I mean, not to say that every, um- Cause I- I- like I said, I didn't think my neighborhood was bad, I mean, you j- I'm- I'm never gonna be a person- and I preach this to my daughter, you never be a product of your environment.",0,0,0,0,0,0,0,0,0,0,0,0,0,0,0,0,0,0,,,,,,,,
Only thing you putting in there carry outs and liquor stores.,0,1,0,0,0,0,0,0,0,0,0,0,0,0,0,0,0,0,,,,,,,,
"People you didn't know, because if a band played on like, Benning Road, and it's a well-known band, people from- it ain't gonna just be people from Benning Road that go over there to see that band play.",0,0,0,0,0,0,0,0,0,0,0,1,0,0,0,0,0,0,,,,,,,,
RD-NAME-2 I tell you.,0,0,0,0,0,0,0,0,0,0,0,0,0,0,0,0,0,0,,,,,,,,
"RD-NAME-2 like I say, I'm not a doctor.",0,0,0,0,0,0,0,0,0,0,0,0,0,0,0,0,0,0,,,,,,,,
Real cool guy.,0,0,0,0,0,0,0,0,0,0,0,0,0,0,0,0,0,0,,,,,,,,
"S- diabetes a little bit, but I'm more conscious now.",0,0,0,0,0,0,0,0,0,0,0,0,0,0,0,0,0,0,,,,,,,,
"I mean, I think the- the youth today, I mean, they have the right, I think, um, mindset as far as like, um, not being scared of anything.",0,0,0,0,0,0,0,0,0,0,0,0,0,0,0,0,0,0,,,,,,,,
Scared of anything.,0,0,0,0,0,0,0,0,0,0,0,0,0,0,0,0,0,0,,,,,,,,
"Schools are getting overcrowded, the teachers are getting stressed out because they can't deal with the volume of kids that they getting.",0,1,0,0,0,0,0,0,0,0,0,0,0,0,0,0,0,0,,,,,,,,
She look like she was lost.,0,0,0,0,0,0,0,0,0,0,0,0,0,0,0,0,0,0,,,,,,,,
"She's like one of my sister friends that- It's- it's funny because growing up- She's a little bit younger than me, like probably three years younger than me.",1,0,0,0,0,0,0,0,0,0,0,0,0,0,0,0,0,0,,,,,,,,
"Sister hated it when they used to come over like, where your brother at?",0,1,0,0,0,0,0,0,0,0,0,0,0,0,0,0,1,0,,,,,,,,
"So going there, I'm tall, guys in the twelfth grade, some of 'em, my- my height.",0,0,0,0,0,0,0,0,0,0,0,0,0,0,0,0,0,0,,,,,,,,
"So he was looking at some of the reports and he was like, man no way in hell she wrote this.",0,0,0,0,0,0,0,0,0,0,0,0,0,0,0,0,0,0,,,,,,,,
So I- I was still doing CPR process until they took over.,0,0,0,0,0,0,0,0,0,0,0,0,0,0,0,0,0,0,,,,,,,,
"So imagine me- I mean, I- I knew I was kind of tall for, uh, high school.",0,0,0,0,0,0,0,0,0,0,0,0,0,0,0,0,0,0,,,,,,,,
So they play Cleveland Sunday?,0,0,0,0,0,0,0,0,0,0,0,0,0,0,0,0,0,0,,,,,,,,
So whatever guidelines the organization has those what you gotta follow.,0,1,0,0,0,0,0,0,0,0,0,0,0,0,0,0,0,0,,,,,,,,
"So- and- and m- and me personally I don't think it's for our benefit they building these new developments because if you go down t- Man, I- where- where'd I drive to?",0,1,0,0,0,0,0,0,0,0,0,0,0,0,0,0,0,0,,,,,,,,
"So, I think she hit me on f- on Facebook or she text me or something, asked what I was doing, to come past it.",0,0,0,0,0,0,0,0,0,0,0,0,0,0,0,0,0,0,,,,,,,,
"So, stayed on the team.",0,0,0,0,0,0,0,0,0,0,0,0,0,0,0,0,0,0,,,,,,,,
"Somebody like- some- my- well my cousin could call my aunt, I mean, call my mother and be like, w- what you doing Saturday, and we're like, nothing.",0,1,0,0,0,0,0,0,0,0,0,0,0,0,0,0,1,0,,,,,,,,
"Soon as I get to the door, it was a- um, a older woman like, frantic, screaming and crying.",0,0,0,0,0,0,0,0,0,0,0,0,0,0,0,0,0,0,,,,,,,,
"Stanton Road, Bruce Place, and, um, like Congress Park, too, which is like further down, went to RD-SCHOOL-2 rec center cause every Friday we skated, or the rec center have some type of activities there whether it was sports, or anything, like, cheerleading competition for girls.",0,0,0,0,0,0,0,0,0,0,0,0,1,0,0,0,0,0,,,,,,,,
"The craziest thing, and I- I still- I don't still think about it but when I go past the hotel that cross my mind, it was a instance where it was a, um- And I was assistant director when this happened.",0,0,0,0,0,0,0,0,0,0,0,0,1,0,0,0,0,0,,,,,,,,
"The first expression on your face like, ew, why- why you wanna, um, get involved with my brother and sister?",0,0,0,0,0,0,0,0,0,0,0,0,0,0,0,0,1,0,,,,,,,,
"The very next day, I'm walking in the lobby, I run into his wife.",0,0,0,0,0,0,0,0,0,0,0,0,0,0,0,0,0,0,,,,,,,,
"They looking at me like, when you- when- when you get here?",0,1,0,0,0,0,0,0,0,0,0,0,0,0,0,0,1,0,,,,,,,,
"They redoing a whole lot of areas, man, in DC.",0,1,0,0,0,0,0,0,0,0,0,0,0,0,0,0,0,0,,,,,,,,
"Though how it usually works is so if a guest locked out of their room, or somebody needs assistance, whoever's there they call security and we'll respond.",0,0,0,0,0,0,0,0,0,0,0,0,0,0,0,0,0,0,,,,,,,,
"To the point where if I eat something, man I can make this better than this.",0,0,0,0,0,0,0,0,0,0,0,0,0,0,0,0,0,0,,,,,,,,
Today date is October the fourth two thousand seventeen.,1,0,0,0,0,0,0,0,0,0,0,0,0,0,0,0,0,0,,,,,,,,
"Turns sixteen next year, in August.",0,0,0,0,0,0,0,0,0,0,0,0,0,0,0,0,0,0,,,,,,,,
"Uh, high school I went to, um, RD-SCHOOL-6.",0,1,0,0,0,0,0,0,0,0,0,0,0,0,0,0,0,0,,,,,,,,
"Uh, it's one 'em got a more tangy like, tastes like barbecue- close to barbecue type flavor.",0,0,0,0,0,0,0,0,0,0,0,0,0,0,0,0,0,0,,,,,,,,
"Um, and a lot of schools are getting overcrowded now, because if it- It's a school on .",0,0,0,0,0,0,0,0,0,0,0,0,0,0,0,0,0,0,,,,,,,,
"Um, and it was like twenty of us.",0,0,0,0,0,0,0,0,0,0,0,0,0,0,0,0,0,0,,,,,,,,
"Um, and it's been instances where Bruce Street and Robinson Street, somebody from that area, from- somebody from my area was- um, had conflict at the time.",0,0,0,0,0,0,0,0,0,0,0,0,0,0,0,0,0,0,,,,,,,,
"Um, born on Bruce Place, Southeast.",0,0,0,0,0,0,0,0,0,0,0,0,0,0,0,0,0,0,,,,,,,,
"Um, I would say it's nothing we coulda done, we did everything we could.",0,0,0,0,0,0,0,0,0,0,0,0,0,0,0,0,0,0,,,,,,,,
"Um, involved in interaction with other individuals yeah, where as though now, you got your phone, or computer or laptop, you fine as a child.",0,1,0,0,0,0,0,0,0,0,0,0,0,0,0,0,0,0,,,,,,,,
"Um, just- I mean, and- and you gotta figure you go to a go go, you gonna be there for a couple of hours.",0,1,0,0,0,0,0,0,0,0,0,0,0,0,0,0,0,0,,,,,,,,
"Um, or in somebody yard doing something playing music or something.",1,0,0,0,0,0,0,0,0,0,0,0,0,0,0,0,0,0,,,,,,,,
"Varsity basketball, football though, the football team was I felt- um, it was a couple of players that was there last year, the year before, that should've graduated.",0,0,0,0,0,0,0,0,0,0,0,0,0,1,0,0,0,0,,,,,,,,
"Was like, I ain't- nah, I ain't want to, I'm'a wait the next year.",0,0,0,0,0,0,0,0,0,0,0,1,0,0,0,0,0,0,,,,,,,,
"We turns into him, his wife, my brother and sisters, his brother and sist- well his sisters, uh, my other cousins.",0,0,0,0,0,0,0,0,0,0,0,0,0,0,0,0,0,0,,,,,,,,
"Whereas though back then the older guys, they'll see us, the ones- the guys- the younger guys, you know, that- they know we into sports and we don't deal in that type of activity.",0,1,0,0,0,0,0,0,0,0,0,0,0,0,0,0,0,0,,,,,,,,
"Which means a- anything happen as far as from emergency standpoint whether it a guest or anything, they come to me aksing me questions.",0,1,0,0,0,0,0,0,0,0,0,0,1,0,0,1,0,0,,,,,,,,
Why you not playing sports?,0,1,0,0,0,0,0,0,0,0,0,0,0,0,0,0,1,0,,,,,,,,
Without a doubt a Wizards fan.,0,0,0,0,0,0,0,0,0,0,0,0,0,0,0,0,0,0,,,,,,,,
"Yeah but usually I figure during that time I'm like, what, ten.",0,0,0,0,0,0,0,0,0,0,0,0,0,0,0,0,0,0,,,,,,,,
"Yeah, and that's why I talk to my daughter all the time about what's important, I mean, what's gonna be there as she get older.",0,0,0,0,0,0,0,0,0,0,0,0,1,0,0,0,0,0,,,,,,,,
"Yeah, cookout, um, because if she move or what- what's another thing?",0,0,0,0,0,0,0,0,0,0,0,0,1,0,0,0,0,0,,,,,,,,
You don't.,0,0,0,0,0,0,0,0,0,0,0,0,0,0,0,0,0,0,,,,,,,,
"You feel you'll never get caught, everything you do you'll get away with and it's a reason for everything that you do that's negative.",0,0,0,0,0,0,0,0,0,0,0,0,0,0,0,0,0,0,,,,,,,,
"You is like, you don't want nobody messing with your brother and sister, I mean, because that's your brother and sister.",0,0,0,0,0,0,0,0,1,0,0,0,0,1,0,0,0,0,,,,,,,,
"Yup, and it don't work all the time.",0,0,0,0,0,0,0,0,0,0,0,0,1,0,0,0,0,0,,,,,,,,
